{
  "images" : [
    {
      "idiom" : "universal",
      "filename" : "foodbowl.png",
      "scale" : "1x"
    },
    {
      "idiom" : "universal",
      "filename" : "foodbowl-1.png",
      "scale" : "2x"
    },
    {
      "idiom" : "universal",
      "filename" : "foodbowl-2.png",
      "scale" : "3x"
    },
    {
      "idiom" : "iphone",
      "filename" : "foodbowl-3.png",
      "scale" : "1x"
    },
    {
      "idiom" : "iphone",
      "filename" : "foodbowl-4.png",
      "scale" : "2x"
    },
    {
      "idiom" : "iphone",
      "filename" : "foodbowl-5.png",
      "scale" : "3x"
    }
  ],
  "info" : {
    "version" : 1,
    "author" : "xcode"
  }
}